Gidiş Tarihi,Dönüş Tarihi,Seyahat Süresi (Gün),Toplam Fiyat (TL)
07-10-2025,14-10-2025,7,3789
01-10-2025,08-10-2025,7,3833
08-10-2025,15-10-2025,7,3839
07-10-2025,15-10-2025,8,3881
15-10-2025,24-10-2025,9,4209
01-10-2025,09-10-2025,8,4224
28-09-2025,07-10-2025,9,4276
18-10-2025,25-10-2025,7,4377
08-10-2025,16-10-2025,8,4434
07-10-2025,16-10-2025,9,4476
14-10-2025,21-10-2025,7,4515
29-09-2025,07-10-2025,8,4700
29-09-2025,08-10-2025,9,4742
30-09-2025,07-10-2025,7,4781
30-09-2025,08-10-2025,8,4823
28-09-2025,05-10-2025,7,4959
24-09-2025,02-10-2025,8,5145
21-09-2025,30-09-2025,9,5147
30-09-2025,09-10-2025,9,5214
26-09-2025,05-10-2025,9,5272
25-08-2025,03-09-2025,9,6737
31-08-2025,09-09-2025,9,6985
03-07-2025,11-07-2025,8,7140
25-08-2025,02-09-2025,8,7158
24-08-2025,02-09-2025,9,7158
02-07-2025,11-07-2025,9,7565
02-07-2025,09-07-2025,7,7565
29-08-2025,05-09-2025,7,7634
17-07-2025,25-07-2025,8,7682
15-07-2025,23-07-2025,8,7689
26-08-2025,03-09-2025,8,7931
27-08-2025,03-09-2025,7,7931
27-08-2025,04-09-2025,8,8183
26-08-2025,04-09-2025,9,8183
28-08-2025,04-09-2025,7,8183
17-07-2025,24-07-2025,7,8469
22-07-2025,31-07-2025,9,8639
08-07-2025,16-07-2025,8,8674
07-07-2025,16-07-2025,9,8674
04-07-2025,11-07-2025,7,8796
